0,0,2.2484,1.8876,3.8515,3.8515
0.0026116,-0.0060905,2.2501,1.8856,3.8515,2.2484
0.0052232,-0.0060875,2.2518,1.8836,3.8515,1.8876
0.0078348,-0.0060846,2.2535,1.8816,3.8515,0
0.010446,-0.0060816,2.2552,1.8797,3.8515,0
0.023503,-0.0012158,2.2636,1.8697,3.8515,0
0.036561,-0.0060698,2.2722,1.8598,3.8514,0
0.049619,-0.0060548,2.2807,1.8499,3.8513,0
0.062677,-0.0060398,2.2892,1.84,3.8512,0
0.12796,-0.0012051,2.3313,1.7901,3.8511,0
0.19325,-0.0059809,2.374,1.7407,3.8508,0
0.25854,-0.0059061,2.4166,1.6913,3.8504,0
0.32383,-0.0058314,2.4593,1.6418,3.85,0
0.57383,-0.0015034,2.6207,1.4509,3.8496,0
0.82385,-0.0055803,2.784,1.2616,3.8482,0
1.0739,-0.0052968,2.9473,1.0722,3.8469,0
1.3239,-0.0050162,3.1105,0.88284,3.8456,0
1.5739,-0.0047391,3.2736,0.69339,3.8445,0
1.8239,-0.004466,3.4367,0.5039,3.8433,0
2.074,-0.0041976,3.5998,0.31435,3.8423,0
2.324,-0.0039342,3.7627,0.12474,3.8413,0
2.574,-0.0036764,3.9256,-0.064925,3.8404,0
2.824,-0.0034244,4.0884,-0.25466,3.8395,0
3.074,-0.0031788,4.2512,-0.44446,3.8387,0
3.324,-0.0029397,4.4138,-0.63434,3.838,0
3.574,-0.0027075,4.5764,-0.82428,3.8373,0
3.824,-0.0024824,4.7389,-1.0143,3.8367,0
4.0741,-0.0022645,4.9012,-1.2044,3.8361,0
4.3241,-0.0020541,5.0635,-1.3946,3.8356,0
4.5741,-0.0018513,5.2258,-1.5848,3.8352,0
4.8241,-0.0016561,5.3879,-1.7751,3.8347,0
5.0741,-0.0014686,5.5499,-1.9655,3.8344,0
5.3241,-0.001289,5.7118,-2.156,3.8341,0
5.5741,-0.001117,5.8737,-2.3465,3.8338,0
5.8241,-0.0009529,6.0355,-2.5371,3.8335,0
6.0741,-0.00079649,6.1972,-2.7278,3.8333,0
6.3241,-0.00064774,6.3588,-2.9185,3.8332,0
6.5741,-0.00050657,6.5203,-3.1094,3.8331,0
6.8241,-0.0003729,6.6817,-3.3002,3.833,0
7.0741,-0.0002466,6.8431,-3.4912,3.8329,0
7.3241,-0.00012755,7.0044,-3.6822,3.8329,0
7.5741,-1.5596e-05,7.1657,-3.8732,3.8329,0
7.8241,8.9414e-05,7.3268,-4.0644,3.8329,0
8.0741,0.00018765,7.4879,-4.2555,3.8329,0
8.3241,0.00027929,7.649,-4.4468,3.833,0
8.5741,0.00036452,7.81,-4.638,3.8331,0
8.8241,0.00044353,7.9709,-4.8293,3.8332,0
9.0741,0.00051654,8.1318,-5.0207,3.8333,0
9.3241,0.00058374,8.2926,-5.2121,3.8335,0
9.5741,0.00064536,8.4534,-5.4035,3.8336,0
9.8241,0.00070159,8.6141,-5.595,3.8338,0
10.074,0.00075267,8.7748,-5.7865,3.834,0
10.324,0.00079882,8.9355,-5.978,3.8342,0
10.574,0.00084025,9.0961,-6.1696,3.8344,0
10.824,0.00087718,9.2567,-6.3612,3.8346,0
11.074,0.00090984,9.4173,-6.5528,3.8349,0
11.324,0.00093844,9.5779,-6.7444,3.8351,0
11.574,0.0009632,9.7384,-6.9361,3.8353,0
11.824,0.00098434,9.8989,-7.1277,3.8356,0
12.074,0.0010021,10.059,-7.3194,3.8358,0
12.324,0.0010166,10.22,-7.5111,3.8361,0
12.574,0.0010281,10.38,-7.7028,3.8363,0
12.824,0.0010368,10.541,-7.8945,3.8366,0
13.074,0.0010429,10.701,-8.0862,3.8369,0
13.324,0.0010466,10.862,-8.2779,3.8371,0
13.574,0.001048,11.022,-8.4696,3.8374,0
13.824,0.0010474,11.183,-8.6613,3.8376,0
14.074,0.0010449,11.343,-8.8529,3.8379,0
14.324,0.0010407,11.504,-9.0446,3.8382,0
14.574,0.0010349,11.664,-9.2363,3.8384,0
14.824,0.0010277,11.825,-9.428,3.8387,0
15.074,0.0010193,11.985,-9.6196,3.8389,0
15.324,0.0010097,12.146,-9.8113,3.8392,0
15.574,0.00099912,12.306,-10.003,3.8394,0
15.824,0.00098769,12.467,-10.195,3.8397,0
16.074,0.00097552,12.628,-10.386,3.8399,0
16.324,0.00096272,12.788,-10.578,3.8402,0
16.574,0.0009494,12.949,-10.769,3.8404,0
16.824,0.00093378,13.109,-10.961,3.8406,0
17.074,0.00091405,13.27,-11.152,3.8409,0
17.324,0.00089029,13.431,-11.344,3.8411,0
17.574,0.0008627,13.592,-11.535,3.8413,0
17.824,0.00083149,13.752,-11.727,3.8415,0
18.074,0.00079685,13.913,-11.918,3.8417,0
18.324,0.00075898,14.074,-12.11,3.8419,0
18.574,0.00071808,14.235,-12.301,3.8421,0
18.824,0.00067432,14.395,-12.493,3.8423,0
19.074,0.00062788,14.556,-12.684,3.8424,0
19.324,0.00057896,14.717,-12.875,3.8426,0
19.574,0.0005277,14.878,-13.067,3.8427,0
19.824,0.00047429,15.039,-13.258,3.8428,0
20.074,0.00041887,15.2,-13.449,3.8429,0
20.324,0.00036161,15.361,-13.641,3.843,0
20.574,0.00030263,15.522,-13.832,3.8431,0
20.824,0.00024209,15.683,-14.023,3.8431,0
21.074,0.00018012,15.844,-14.215,3.8432,0
21.324,0.00011684,16.005,-14.406,3.8432,0
21.574,5.2366e-05,16.166,-14.597,3.8432,0
21.824,-1.3182e-05,16.327,-14.788,3.8432,0
22.074,-7.9701e-05,16.488,-14.98,3.8432,0
22.324,-0.00014709,16.649,-15.171,3.8432,0
22.574,-0.00021526,16.81,-15.362,3.8431,0
22.824,-0.00028412,16.971,-15.553,3.843,0
23.074,-0.00035359,17.132,-15.745,3.843,0
23.324,-0.0004236,17.293,-15.936,3.8428,0
23.574,-0.00049408,17.454,-16.127,3.8427,0
23.824,-0.00056497,17.615,-16.318,3.8426,0
24.074,-0.0006362,17.775,-16.51,3.8424,0
24.324,-0.00070772,17.936,-16.701,3.8422,0
24.574,-0.0007795,18.097,-16.892,3.8421,0
24.824,-0.00085149,18.258,-17.084,3.8418,0
25.074,-0.00092364,18.419,-17.275,3.8416,0
25.324,-0.00099593,18.58,-17.466,3.8414,0
25.574,-0.0010683,18.741,-17.658,3.8411,0
25.824,-0.0011408,18.902,-17.849,3.8408,0
26.074,-0.0012134,19.062,-18.041,3.8405,0
26.324,-0.001286,19.223,-18.232,3.8402,0
26.574,-0.0013586,19.384,-18.424,3.8398,0
26.824,-0.0014313,19.545,-18.615,3.8395,0
27.074,-0.0015039,19.705,-18.807,3.8391,0
27.324,-0.0015766,19.866,-18.998,3.8387,0
27.574,-0.0016493,20.026,-19.19,3.8383,0
27.824,-0.0017221,20.187,-19.382,3.8379,0
28.074,-0.0017948,20.347,-19.574,3.8374,0
28.324,-0.0018676,20.507,-19.765,3.837,0
28.574,-0.0019403,20.668,-19.957,3.8365,0
28.824,-0.0020132,20.828,-20.149,3.836,0
29.074,-0.002086,20.988,-20.341,3.8354,0
29.324,-0.002159,21.148,-20.533,3.8349,0
29.574,-0.0022319,21.308,-20.725,3.8343,0
29.824,-0.002305,21.468,-20.918,3.8338,0
30.074,-0.0023782,21.628,-21.11,3.8332,0
30.324,-0.0024515,21.787,-21.302,3.8326,0
30.574,-0.0025249,21.947,-21.495,3.8319,0
30.824,-0.0025985,22.107,-21.687,3.8313,0
31.074,-0.0026723,22.266,-21.88,3.8306,0
31.324,-0.0027462,22.425,-22.072,3.8299,0
31.574,-0.0028203,22.584,-22.265,3.8292,0
31.824,-0.0028946,22.743,-22.458,3.8285,0
32.074,-0.0029692,22.902,-22.651,3.8278,0
32.324,-0.003044,23.061,-22.844,3.827,0
32.574,-0.0031191,23.22,-23.037,3.8262,0
32.824,-0.0031945,23.379,-23.231,3.8254,0
33.074,-0.0032702,23.537,-23.424,3.8246,0
33.324,-0.0033462,23.695,-23.617,3.8238,0
33.574,-0.0034225,23.854,-23.811,3.8229,0
33.824,-0.0034992,24.012,-24.005,3.822,0
34.074,-0.0035763,24.169,-24.199,3.8211,0
34.324,-0.0036537,24.327,-24.393,3.8202,0
34.574,-0.0037316,24.485,-24.587,3.8193,0
34.824,-0.0038098,24.642,-24.781,3.8183,0
35.074,-0.0038885,24.799,-24.976,3.8174,0
35.325,-0.0039676,24.956,-25.17,3.8164,0
35.575,-0.0040472,25.113,-25.365,3.8154,0
35.825,-0.0041273,25.27,-25.56,3.8143,0
36.075,-0.0042078,25.427,-25.755,3.8133,0
36.325,-0.0042888,25.583,-25.95,3.8122,0
36.575,-0.0043704,25.739,-26.145,3.8111,0
36.825,-0.0044524,25.895,-26.341,3.81,0
37.075,-0.004535,26.051,-26.536,3.8089,0
37.325,-0.0046181,26.206,-26.732,3.8077,0
37.575,-0.0047018,26.362,-26.928,3.8065,0
37.825,-0.004786,26.517,-27.124,3.8053,0
38.075,-0.0048708,26.672,-27.321,3.8041,0
38.326,-0.0049561,26.827,-27.517,3.8029,0
38.576,-0.0050421,26.981,-27.714,3.8016,0
38.826,-0.0051286,27.135,-27.911,3.8003,0
39.076,-0.0052157,27.289,-28.108,3.799,0
39.326,-0.0053035,27.443,-28.305,3.7977,0
39.576,-0.0053918,27.597,-28.503,3.7964,0
39.827,-0.0054808,27.75,-28.7,3.795,0
40.077,-0.0055704,27.903,-28.898,3.7936,0
40.327,-0.0056606,28.056,-29.097,3.7922,0
40.577,-0.0057514,28.208,-29.295,3.7907,0
40.827,-0.0058429,28.36,-29.494,3.7893,0
41.078,-0.0059351,28.512,-29.692,3.7878,0
41.328,-0.0060279,28.664,-29.891,3.7863,0
41.578,-0.0061214,28.816,-30.091,3.7847,0
41.829,-0.0062155,28.967,-30.29,3.7832,0
42.079,-0.0063103,29.117,-30.49,3.7816,0
42.329,-0.0064058,29.268,-30.69,3.78,0
42.58,-0.006502,29.418,-30.891,3.7784,0
42.83,-0.0065989,29.568,-31.091,3.7767,0
43.08,-0.0066964,29.718,-31.292,3.7751,0
43.331,-0.0067947,29.867,-31.493,3.7734,0
43.581,-0.0068937,30.016,-31.694,3.7716,0
43.832,-0.0069933,30.165,-31.896,3.7699,0
44.082,-0.0070937,30.313,-32.098,3.7681,0
44.333,-0.0071948,30.461,-32.3,3.7663,0
44.584,-0.0072967,30.608,-32.503,3.7645,0
44.834,-0.0073992,30.756,-32.705,3.7626,0
45.085,-0.0075025,30.903,-32.908,3.7607,0
45.335,-0.0076065,31.049,-33.112,3.7588,0
45.586,-0.0077113,31.195,-33.316,3.7569,0
45.837,-0.0078169,31.341,-33.52,3.7549,0
46.088,-0.0079231,31.487,-33.724,3.7529,0
46.339,-0.0080302,31.632,-33.929,3.7509,0
46.589,-0.008138,31.776,-34.134,3.7489,0
46.84,-0.0082466,31.921,-34.339,3.7468,0
47.091,-0.0083559,32.064,-34.544,3.7447,0
47.342,-0.008466,32.208,-34.75,3.7426,0
47.593,-0.0086068,32.351,-34.957,3.7404,0
47.845,-0.0088072,32.494,-35.164,3.7382,0
48.096,-0.0089102,32.636,-35.371,3.736,0
48.348,-0.0090311,32.778,-35.579,3.7337,0
48.6,-0.0091286,32.92,-35.787,3.7314,0
48.852,-0.0092312,33.061,-35.995,3.7291,0
49.104,-0.0093335,33.202,-36.204,3.7267,0
49.356,-0.0094359,33.343,-36.414,3.7243,0
49.609,-0.0095383,33.483,-36.624,3.7219,0
49.862,-0.0096407,33.623,-36.835,3.7195,0
50.115,-0.0097423,33.763,-37.046,3.717,0
50.368,-0.0098428,33.902,-37.257,3.7145,0
50.621,-0.009942,34.04,-37.469,3.712,0
50.874,-0.01004,34.179,-37.681,3.7095,0
51.128,-0.010137,34.317,-37.894,3.7069,0
51.382,-0.010233,34.454,-38.107,3.7043,0
51.635,-0.010329,34.591,-38.321,3.7017,0
51.889,-0.010424,34.728,-38.535,3.699,0
52.143,-0.010518,34.864,-38.75,3.6964,0
52.398,-0.010613,34.999,-38.965,3.6937,0
52.652,-0.010707,35.135,-39.18,3.691,0
52.907,-0.010801,35.269,-39.396,3.6882,0
53.161,-0.010894,35.404,-39.612,3.6854,0
53.416,-0.010987,35.537,-39.829,3.6826,0
53.671,-0.011081,35.67,-40.046,3.6798,0
53.925,-0.011176,35.803,-40.264,3.677,0
54.18,-0.011271,35.935,-40.482,3.6741,0
54.435,-0.011368,36.066,-40.701,3.6712,0
54.69,-0.011465,36.197,-40.919,3.6683,0
54.946,-0.011564,36.328,-41.139,3.6653,0
55.201,-0.011663,36.457,-41.359,3.6623,0
55.456,-0.011764,36.587,-41.579,3.6593,0
55.711,-0.011865,36.715,-41.799,3.6563,0
55.967,-0.011968,36.843,-42.02,3.6532,0
56.222,-0.01207,36.97,-42.242,3.6502,0
56.478,-0.012174,37.097,-42.464,3.6471,0
56.733,-0.012278,37.223,-42.686,3.6439,0
56.989,-0.012383,37.348,-42.909,3.6408,0
57.244,-0.012489,37.472,-43.132,3.6376,0
57.5,-0.012596,37.596,-43.355,3.6343,0
57.755,-0.012704,37.719,-43.579,3.6311,0
58.01,-0.012814,37.842,-43.803,3.6278,0
58.266,-0.012926,37.963,-44.028,3.6245,0
58.521,-0.013039,38.084,-44.253,3.6212,0
58.777,-0.013154,38.204,-44.479,3.6178,0
59.032,-0.01327,38.324,-44.704,3.6144,0
59.287,-0.013388,38.442,-44.93,3.611,0
59.543,-0.013508,38.56,-45.157,3.6076,0
59.798,-0.013628,38.677,-45.384,3.6041,0
60.053,-0.01375,38.793,-45.611,3.6006,0
60.308,-0.013874,38.908,-45.839,3.5971,0
60.563,-0.013999,39.022,-46.067,3.5935,0
60.818,-0.014125,39.135,-46.295,3.5899,0
61.073,-0.014253,39.248,-46.524,3.5863,0
61.328,-0.014383,39.36,-46.753,3.5826,0
61.583,-0.014514,39.47,-46.982,3.5789,0
61.837,-0.014647,39.58,-47.212,3.5752,0
62.092,-0.014782,39.689,-47.442,3.5714,0
62.346,-0.014918,39.797,-47.672,3.5676,0
62.6,-0.015056,39.904,-47.903,3.5638,0
62.854,-0.015196,40.01,-48.134,3.5599,0
63.108,-0.015337,40.114,-48.365,3.556,0
63.362,-0.015481,40.218,-48.597,3.5521,0
63.616,-0.015625,40.321,-48.829,3.5481,0
63.869,-0.015772,40.423,-49.061,3.5441,0
64.123,-0.015919,40.524,-49.293,3.5401,0
64.376,-0.016068,40.624,-49.526,3.536,0
64.629,-0.016219,40.722,-49.759,3.5319,0
64.882,-0.016371,40.82,-49.992,3.5278,0
65.134,-0.016524,40.916,-50.226,3.5236,0
65.387,-0.016679,41.012,-50.46,3.5194,0
65.639,-0.016835,41.106,-50.694,3.5152,0
65.891,-0.016993,41.199,-50.928,3.5109,0
66.143,-0.017153,41.291,-51.163,3.5065,0
66.395,-0.017315,41.381,-51.397,3.5022,0
66.646,-0.017478,41.471,-51.632,3.4978,0
66.898,-0.017644,41.559,-51.868,3.4934,0
67.149,-0.017812,41.647,-52.103,3.4889,0
67.4,-0.017982,41.732,-52.339,3.4844,0
67.65,-0.018154,41.817,-52.575,3.4798,0
67.901,-0.018328,41.901,-52.811,3.4752,0
68.151,-0.018504,41.983,-53.047,3.4706,0
68.401,-0.018682,42.064,-53.283,3.4659,0
68.65,-0.018862,42.143,-53.52,3.4612,0
68.9,-0.019043,42.222,-53.757,3.4565,0
69.149,-0.019224,42.299,-53.993,3.4517,0
69.397,-0.019404,42.375,-54.23,3.4469,0
69.646,-0.019586,42.449,-54.468,3.442,0
69.894,-0.019768,42.522,-54.705,3.4371,0
70.142,-0.019952,42.594,-54.942,3.4321,0
70.39,-0.020137,42.664,-55.18,3.4272,0
70.638,-0.020323,42.733,-55.418,3.4221,0
70.885,-0.02051,42.801,-55.655,3.4171,0
71.132,-0.020698,42.867,-55.893,3.4119,0
71.378,-0.020888,42.932,-56.131,3.4068,0
71.625,-0.021078,42.995,-56.369,3.4016,0
71.871,-0.021269,43.057,-56.607,3.3964,0
72.116,-0.021462,43.117,-56.846,3.3911,0
72.362,-0.021655,43.176,-57.084,3.3858,0
72.607,-0.021849,43.234,-57.322,3.3804,0
72.852,-0.022045,43.29,-57.56,3.375,0
73.096,-0.022244,43.344,-57.799,3.3696,0
73.34,-0.022447,43.397,-58.037,3.3641,0
73.584,-0.02265,43.449,-58.275,3.3586,0
73.828,-0.022851,43.499,-58.514,3.353,0
74.071,-0.023048,43.547,-58.752,3.3474,0
74.314,-0.02324,43.594,-58.99,3.3418,0
74.556,-0.023428,43.64,-59.228,3.3361,0
74.799,-0.023611,43.683,-59.467,3.3304,0
75.04,-0.023789,43.726,-59.705,3.3246,0
75.282,-0.023967,43.766,-59.943,3.3188,0
75.523,-0.024144,43.805,-60.181,3.313,0
75.764,-0.024324,43.842,-60.419,3.3071,0
76.005,-0.024505,43.878,-60.657,3.3012,0
76.245,-0.024648,43.912,-60.895,3.2953,0
76.485,-0.024717,43.944,-61.132,3.2894,0
76.724,-0.024757,43.975,-61.37,3.2835,0
76.964,-0.024854,44.004,-61.608,3.2775,0
77.203,-0.024955,44.031,-61.845,3.2715,0
77.442,-0.025061,44.056,-62.083,3.2656,0
77.68,-0.025171,44.08,-62.32,3.2596,0
77.919,-0.025286,44.102,-62.558,3.2535,0
78.157,-0.025405,44.123,-62.795,3.2475,0
78.395,-0.025527,44.142,-63.032,3.2414,0
78.633,-0.025654,44.159,-63.27,3.2353,0
78.871,-0.025784,44.174,-63.507,3.2292,0
79.108,-0.025918,44.188,-63.744,3.223,0
79.345,-0.026054,44.2,-63.98,3.2168,0
79.582,-0.026194,44.211,-64.217,3.2106,0
79.819,-0.026337,44.22,-64.454,3.2044,0
80.055,-0.026483,44.227,-64.69,3.1981,0
80.292,-0.026631,44.233,-64.926,3.1918,0
80.528,-0.026782,44.237,-65.162,3.1855,0
80.764,-0.026936,44.239,-65.398,3.1792,0
80.999,-0.027091,44.24,-65.634,3.1728,0
81.235,-0.027249,44.239,-65.87,3.1664,0
81.47,-0.027407,44.236,-66.105,3.1599,0
81.705,-0.027563,44.232,-66.34,3.1534,0
81.94,-0.027718,44.227,-66.575,3.1469,0
82.175,-0.027871,44.22,-66.809,3.1404,0
82.409,-0.028023,44.211,-67.044,3.1338,0
82.644,-0.028173,44.2,-67.278,3.1272,0
82.878,-0.028321,44.188,-67.512,3.1206,0
83.112,-0.028467,44.175,-67.745,3.1139,0
83.346,-0.028611,44.16,-67.979,3.1072,0
83.579,-0.028754,44.143,-68.212,3.1005,0
83.813,-0.028894,44.125,-68.445,3.0938,0
84.046,-0.029032,44.105,-68.677,3.087,0
84.279,-0.029168,44.083,-68.909,3.0802,0
84.512,-0.029302,44.06,-69.141,3.0734,0
84.745,-0.029433,44.036,-69.373,3.0665,0
84.978,-0.029562,44.01,-69.604,3.0596,0
85.21,-0.029689,43.982,-69.835,3.0527,0
85.443,-0.029813,43.953,-70.065,3.0458,0
85.675,-0.029935,43.923,-70.295,3.0388,0
85.907,-0.030054,43.89,-70.525,3.0319,0
86.139,-0.030171,43.857,-70.754,3.0249,0
86.37,-0.030286,43.821,-70.983,3.0179,0
86.602,-0.030398,43.785,-71.212,3.0108,0
86.833,-0.030507,43.746,-71.44,3.0038,0
87.065,-0.030614,43.706,-71.668,2.9967,0
87.296,-0.030718,43.665,-71.895,2.9896,0
87.527,-0.03082,43.622,-72.122,2.9825,0
87.758,-0.030919,43.578,-72.349,2.9753,0
87.988,-0.031016,43.532,-72.575,2.9682,0
88.219,-0.031109,43.485,-72.801,2.961,0
88.45,-0.031201,43.436,-73.026,2.9538,0
88.68,-0.03129,43.385,-73.251,2.9466,0
88.91,-0.031376,43.333,-73.475,2.9394,0
89.14,-0.03146,43.28,-73.699,2.9321,0
89.37,-0.031541,43.225,-73.923,2.9249,0
89.6,-0.031619,43.169,-74.145,2.9176,0
89.83,-0.031695,43.111,-74.368,2.9103,0
90.06,-0.031769,43.051,-74.59,2.903,0
90.289,-0.03184,42.99,-74.811,2.8957,0
90.519,-0.031909,42.928,-75.032,2.8884,0
90.748,-0.031975,42.864,-75.252,2.8811,0
90.977,-0.032039,42.799,-75.472,2.8737,0
91.207,-0.0321,42.732,-75.691,2.8663,0
91.436,-0.032159,42.664,-75.91,2.859,0
91.665,-0.032216,42.594,-76.128,2.8516,0
91.894,-0.03227,42.523,-76.345,2.8442,0
92.122,-0.032323,42.45,-76.562,2.8368,0
92.351,-0.032373,42.376,-76.779,2.8294,0
92.58,-0.03242,42.3,-76.994,2.822,0
92.808,-0.032466,42.223,-77.21,2.8146,0
93.037,-0.032509,42.145,-77.424,2.8072,0
93.265,-0.03255,42.065,-77.638,2.7997,0
93.493,-0.03259,41.983,-77.851,2.7923,0
93.721,-0.032627,41.9,-78.064,2.7848,0
93.95,-0.032662,41.816,-78.276,2.7774,0
94.178,-0.032695,41.73,-78.487,2.7699,0
94.406,-0.032726,41.643,-78.698,2.7625,0
94.634,-0.032756,41.554,-78.908,2.755,0
94.861,-0.032783,41.464,-79.117,2.7475,0
95.089,-0.032809,41.372,-79.325,2.7401,0
95.317,-0.032833,41.279,-79.533,2.7326,0
95.545,-0.032855,41.185,-79.74,2.7251,0
95.772,-0.032876,41.089,-79.947,2.7176,0
96,-0.032895,40.992,-80.153,2.7101,0
96.227,-0.032912,40.893,-80.357,2.7027,0
96.455,-0.032928,40.793,-80.562,2.6952,0
96.682,-0.032942,40.691,-80.765,2.6877,0
96.909,-0.032955,40.588,-80.968,2.6802,0
97.137,-0.032966,40.484,-81.17,2.6727,0
97.364,-0.032976,40.378,-81.371,2.6652,0
97.591,-0.032985,40.271,-81.571,2.6577,0
97.818,-0.032992,40.162,-81.771,2.6502,0
98.045,-0.032998,40.052,-81.969,2.6427,0
98.272,-0.033002,39.941,-82.167,2.6352,0
98.499,-0.033006,39.828,-82.364,2.6277,0
98.726,-0.033008,39.714,-82.561,2.6202,0
98.953,-0.033009,39.599,-82.756,2.6128,0
99.18,-0.033009,39.482,-82.95,2.6053,0
99.407,-0.033008,39.364,-83.144,2.5978,0
99.634,-0.033006,39.244,-83.337,2.5903,0
99.861,-0.033003,39.123,-83.529,2.5828,0
100.09,-0.032999,39.001,-83.72,2.5753,0
100.31,-0.032994,38.878,-83.91,2.5678,0
100.54,-0.032989,38.753,-84.099,2.5604,0
100.77,-0.032982,38.626,-84.287,2.5529,0
100.99,-0.032975,38.499,-84.475,2.5454,0
101.22,-0.032967,38.37,-84.661,2.5379,0
101.45,-0.032958,38.24,-84.846,2.5305,0
101.67,-0.032948,38.108,-85.031,2.523,0
101.9,-0.032938,37.975,-85.214,2.5155,0
102.13,-0.032927,37.841,-85.397,2.5081,0
102.35,-0.032915,37.706,-85.578,2.5006,0
102.58,-0.032903,37.569,-85.759,2.4932,0
102.81,-0.032891,37.431,-85.939,2.4857,0
103.03,-0.032878,37.292,-86.117,2.4783,0
103.26,-0.032864,37.151,-86.295,2.4708,0
103.49,-0.03285,37.009,-86.471,2.4634,0
103.71,-0.032835,36.866,-86.647,2.456,0
103.94,-0.03282,36.722,-86.821,2.4485,0
104.17,-0.032805,36.576,-86.995,2.4411,0
104.39,-0.032789,36.429,-87.167,2.4337,0
104.62,-0.032773,36.281,-87.338,2.4263,0
104.84,-0.032756,36.132,-87.509,2.4188,0
105.07,-0.03274,35.981,-87.678,2.4114,0
105.3,-0.032723,35.83,-87.846,2.404,0
105.52,-0.032705,35.677,-88.013,2.3966,0
105.75,-0.032688,35.523,-88.179,2.3892,0
105.98,-0.03267,35.367,-88.343,2.3818,0
106.2,-0.032652,35.211,-88.507,2.3744,0
106.43,-0.032634,35.053,-88.669,2.367,0
106.66,-0.032616,34.894,-88.831,2.3596,0
106.88,-0.032597,34.734,-88.991,2.3523,0
107.11,-0.032579,34.573,-89.15,2.3449,0
107.34,-0.03256,34.41,-89.308,2.3375,0
107.56,-0.032542,34.247,-89.464,2.3301,0
107.79,-0.032523,34.082,-89.62,2.3228,0
108.01,-0.032504,33.916,-89.774,2.3154,0
108.24,-0.032485,33.749,-89.927,2.3081,0
108.47,-0.032466,33.581,-90.079,2.3007,0
108.69,-0.032447,33.412,-90.23,2.2933,0
108.92,-0.032428,33.242,-90.379,2.286,0
109.15,-0.032409,33.07,-90.528,2.2787,0
109.37,-0.03239,32.898,-90.675,2.2713,0
109.6,-0.032371,32.724,-90.82,2.264,0
109.83,-0.032352,32.55,-90.965,2.2566,0
110.05,-0.032333,32.374,-91.108,2.2493,0
110.28,-0.032315,32.197,-91.25,2.242,0
110.51,-0.032296,32.02,-91.391,2.2347,0
110.73,-0.032277,31.841,-91.531,2.2273,0
110.96,-0.032258,31.661,-91.669,2.22,0
111.19,-0.03224,31.48,-91.806,2.2127,0
111.42,-0.032221,31.298,-91.941,2.2054,0
111.64,-0.032203,31.115,-92.076,2.1981,0
111.87,-0.032185,30.931,-92.209,2.1908,0
112.1,-0.032166,30.747,-92.34,2.1835,0
112.32,-0.032148,30.561,-92.471,2.1762,0
112.55,-0.03213,30.374,-92.6,2.1689,0
112.78,-0.032112,30.186,-92.727,2.1616,0
113,-0.032095,29.997,-92.854,2.1543,0
113.23,-0.032077,29.808,-92.979,2.147,0
113.46,-0.032059,29.617,-93.102,2.1397,0
113.69,-0.032042,29.426,-93.225,2.1325,0
113.91,-0.032025,29.233,-93.346,2.1252,0
114.14,-0.032007,29.04,-93.465,2.1179,0
114.37,-0.03199,28.845,-93.583,2.1106,0
114.6,-0.031973,28.65,-93.7,2.1034,0
114.82,-0.031956,28.454,-93.815,2.0961,0
115.05,-0.03194,28.257,-93.929,2.0888,0
115.28,-0.031923,28.06,-94.042,2.0816,0
115.51,-0.031907,27.861,-94.153,2.0743,0
115.73,-0.03189,27.661,-94.263,2.067,0
115.96,-0.031874,27.461,-94.371,2.0598,0
116.19,-0.031858,27.26,-94.478,2.0525,0
116.42,-0.031842,27.058,-94.584,2.0453,0
116.64,-0.031826,26.855,-94.688,2.038,0
116.87,-0.03181,26.652,-94.79,2.0308,0
117.1,-0.031794,26.447,-94.891,2.0235,0
117.33,-0.031779,26.242,-94.991,2.0163,0
117.56,-0.031763,26.036,-95.089,2.009,0
117.78,-0.031748,25.829,-95.186,2.0018,0
118.01,-0.031733,25.622,-95.281,1.9945,0
118.24,-0.031717,25.414,-95.375,1.9873,0
118.47,-0.031702,25.205,-95.467,1.98,0
118.7,-0.031687,24.995,-95.558,1.9728,0
118.93,-0.031672,24.785,-95.647,1.9656,0
119.16,-0.031658,24.573,-95.735,1.9583,0
119.38,-0.031643,24.362,-95.821,1.9511,0
119.61,-0.031628,24.149,-95.906,1.9438,0
119.84,-0.031613,23.936,-95.989,1.9366,0
120.07,-0.031599,23.722,-96.071,1.9294,0
120.3,-0.031584,23.508,-96.151,1.9221,0
120.53,-0.03157,23.292,-96.23,1.9149,0
120.76,-0.031556,23.077,-96.307,1.9077,0
120.99,-0.031541,22.86,-96.383,1.9004,0
121.22,-0.031527,22.643,-96.457,1.8932,0
121.45,-0.031513,22.426,-96.53,1.886,0
121.68,-0.031499,22.207,-96.601,1.8788,0
121.91,-0.031484,21.988,-96.67,1.8715,0
122.14,-0.03147,21.769,-96.738,1.8643,0
122.37,-0.031456,21.549,-96.804,1.8571,0
122.59,-0.031442,21.328,-96.869,1.8498,0
122.82,-0.031428,21.107,-96.932,1.8426,0
123.05,-0.031414,20.886,-96.994,1.8354,0
123.29,-0.0314,20.664,-97.054,1.8282,0
123.52,-0.031386,20.441,-97.112,1.8209,0
123.75,-0.031371,20.218,-97.169,1.8137,0
123.98,-0.031357,19.994,-97.224,1.8065,0
124.21,-0.031343,19.77,-97.278,1.7993,0
124.44,-0.031329,19.545,-97.33,1.792,0
124.67,-0.031315,19.32,-97.381,1.7848,0
124.9,-0.031301,19.094,-97.429,1.7776,0
125.13,-0.031287,18.868,-97.477,1.7704,0
125.36,-0.031272,18.642,-97.522,1.7631,0
125.59,-0.031258,18.415,-97.566,1.7559,0
125.82,-0.031244,18.187,-97.609,1.7487,0
126.05,-0.031229,17.96,-97.649,1.7415,0
126.29,-0.031215,17.731,-97.688,1.7342,0
126.52,-0.0312,17.503,-97.726,1.727,0
126.75,-0.031186,17.274,-97.762,1.7198,0
126.98,-0.031171,17.045,-97.796,1.7126,0
127.21,-0.031156,16.815,-97.828,1.7053,0
127.45,-0.031142,16.585,-97.859,1.6981,0
127.68,-0.031127,16.355,-97.888,1.6909,0
127.91,-0.031112,16.124,-97.916,1.6836,0
128.14,-0.031097,15.893,-97.942,1.6764,0
128.37,-0.031082,15.662,-97.966,1.6692,0
128.61,-0.031067,15.43,-97.989,1.662,0
128.84,-0.031051,15.198,-98.01,1.6547,0
129.07,-0.031036,14.966,-98.029,1.6475,0
129.31,-0.031021,14.734,-98.047,1.6403,0
129.54,-0.031005,14.501,-98.063,1.6331,0
129.77,-0.030989,14.269,-98.077,1.6258,0
130.01,-0.030974,14.035,-98.089,1.6186,0
130.24,-0.030958,13.802,-98.1,1.6114,0
130.47,-0.030942,13.569,-98.109,1.6041,0
130.71,-0.030926,13.335,-98.117,1.5969,0
130.94,-0.03091,13.101,-98.123,1.5897,0
131.17,-0.030893,12.867,-98.127,1.5824,0
131.41,-0.030877,12.633,-98.129,1.5752,0
131.64,-0.03086,12.398,-98.13,1.568,0
131.88,-0.030843,12.164,-98.129,1.5607,0
132.11,-0.030827,11.929,-98.126,1.5535,0
132.35,-0.03081,11.694,-98.122,1.5463,0
132.58,-0.030793,11.46,-98.116,1.539,0
132.82,-0.030775,11.225,-98.108,1.5318,0
133.05,-0.030758,10.99,-98.098,1.5246,0
133.29,-0.03074,10.754,-98.087,1.5173,0
133.52,-0.030723,10.519,-98.074,1.5101,0
133.76,-0.030703,10.284,-98.06,1.5029,0
134,-0.03068,10.049,-98.043,1.4956,0
134.23,-0.030654,9.8135,-98.025,1.4884,0
134.47,-0.030624,9.5782,-98.005,1.4812,0
134.7,-0.030591,9.3429,-97.984,1.4739,0
134.94,-0.030556,9.1075,-97.961,1.4667,0
135.18,-0.030517,8.8722,-97.936,1.4595,0
135.41,-0.030475,8.6369,-97.909,1.4523,0
135.65,-0.03043,8.4017,-97.881,1.4451,0
135.89,-0.030382,8.1665,-97.85,1.4378,0
136.12,-0.030332,7.9314,-97.819,1.4307,0
136.36,-0.030279,7.6963,-97.785,1.4235,0
136.6,-0.030223,7.4613,-97.75,1.4163,0
136.84,-0.030164,7.2264,-97.713,1.4091,0
137.08,-0.030103,6.9917,-97.674,1.4019,0
137.31,-0.030039,6.757,-97.634,1.3948,0
137.55,-0.029973,6.5225,-97.591,1.3876,0
137.79,-0.029904,6.288,-97.547,1.3805,0
138.03,-0.029833,6.0538,-97.502,1.3734,0
138.27,-0.02976,5.8197,-97.455,1.3663,0
138.51,-0.029685,5.5857,-97.406,1.3592,0
138.75,-0.029608,5.352,-97.355,1.3521,0
138.99,-0.029528,5.1184,-97.302,1.345,0
139.23,-0.029447,4.8851,-97.248,1.338,0
139.47,-0.029363,4.6519,-97.192,1.3309,0
139.71,-0.029278,4.419,-97.135,1.3239,0
139.95,-0.029191,4.1863,-97.075,1.3169,0
140.19,-0.029102,3.9539,-97.014,1.3099,0
140.43,-0.029011,3.7217,-96.951,1.3029,0
140.67,-0.028919,3.4897,-96.887,1.296,0
140.91,-0.028825,3.2581,-96.821,1.289,0
141.15,-0.02873,3.0267,-96.753,1.2821,0
141.39,-0.02867,2.7957,-96.683,1.2752,0
141.63,-0.028476,2.5649,-96.612,1.2683,0
141.87,-0.028284,2.3343,-96.539,1.2615,0
142.12,-0.028139,2.104,-96.464,1.2547,0
142.36,-0.028005,1.874,-96.388,1.2479,0
142.6,-0.027851,1.6442,-96.31,1.2411,0
142.84,-0.027677,1.4146,-96.231,1.2344,0
143.09,-0.027488,1.1852,-96.149,1.2277,0
143.33,-0.027288,0.95617,-96.067,1.2211,0
143.57,-0.027081,0.72735,-95.982,1.2145,0
143.82,-0.026868,0.4988,-95.897,1.2079,0
144.06,-0.026645,0.27051,-95.809,1.2014,0
144.31,-0.026407,0.042503,-95.721,1.1949,0
144.55,-0.026157,-0.18522,-95.63,1.1885,0
144.8,-0.0259,-0.41266,-95.539,1.1822,0
145.04,-0.025636,-0.6398,-95.445,1.1759,0
145.29,-0.025365,-0.86663,-95.351,1.1696,0
145.54,-0.025089,-1.0931,-95.255,1.1635,0
145.78,-0.024809,-1.3193,-95.157,1.1573,0
146.03,-0.024523,-1.5452,-95.058,1.1513,0
146.27,-0.024235,-1.7707,-94.958,1.1453,0
146.52,-0.023945,-1.9959,-94.856,1.1394,0
146.77,-0.023655,-2.2208,-94.753,1.1335,0
147.02,-0.023365,-2.4452,-94.648,1.1278,0
147.26,-0.023075,-2.6693,-94.542,1.122,0
147.51,-0.022784,-2.8931,-94.435,1.1164,0
147.76,-0.022494,-3.1164,-94.326,1.1108,0
148.01,-0.022206,-3.3393,-94.216,1.1053,0
148.26,-0.021919,-3.5619,-94.105,1.0998,0
148.51,-0.021635,-3.7841,-93.992,1.0944,0
148.76,-0.021354,-4.0058,-93.878,1.0891,0
149.01,-0.021077,-4.2271,-93.763,1.0839,0
149.26,-0.020805,-4.448,-93.647,1.0787,0
149.51,-0.020538,-4.6685,-93.529,1.0735,0
149.76,-0.020276,-4.8886,-93.41,1.0685,0
150.01,-0.020019,-5.1082,-93.29,1.0634,0
150.26,-0.019767,-5.3274,-93.168,1.0585,0
150.51,-0.01952,-5.5461,-93.046,1.0536,0
150.76,-0.019277,-5.7644,-92.922,1.0488,0
151.01,-0.01904,-5.9822,-92.797,1.044,0
151.26,-0.018807,-6.1996,-92.671,1.0392,0
151.51,-0.018578,-6.4165,-92.544,1.0346,0
151.76,-0.018354,-6.6329,-92.415,1.03,0
152.02,-0.018134,-6.8489,-92.286,1.0254,0
152.27,-0.01792,-7.0644,-92.155,1.0209,0
152.52,-0.017709,-7.2795,-92.023,1.0164,0
152.77,-0.017503,-7.494,-91.89,1.012,0
153.03,-0.017301,-7.7081,-91.756,1.0076,0
153.28,-0.017102,-7.9218,-91.622,1.0033,0
153.53,-0.016908,-8.1349,-91.486,0.99903,0
153.78,-0.016716,-8.3476,-91.349,0.9948,0
154.04,-0.016528,-8.5597,-91.211,0.99062,0
154.29,-0.016342,-8.7714,-91.072,0.98648,0
154.54,-0.016159,-8.9826,-90.932,0.98238,0
154.8,-0.015979,-9.1933,-90.791,0.97833,0
155.05,-0.015801,-9.4035,-90.649,0.97433,0
155.3,-0.015625,-9.6133,-90.507,0.97036,0
155.56,-0.015451,-9.8225,-90.363,0.96644,0
155.81,-0.01528,-10.031,-90.219,0.96256,0
156.07,-0.01511,-10.24,-90.073,0.95873,0
156.32,-0.014942,-10.447,-89.927,0.95493,0
156.57,-0.014776,-10.655,-89.78,0.95118,0
156.83,-0.014611,-10.861,-89.632,0.94746,0
157.08,-0.014448,-11.068,-89.483,0.94379,0
157.34,-0.014286,-11.273,-89.334,0.94015,0
157.59,-0.014125,-11.479,-89.183,0.93656,0
157.85,-0.013966,-11.683,-89.032,0.933,0
158.1,-0.013807,-11.888,-88.88,0.92949,0
158.36,-0.01365,-12.091,-88.728,0.92602,0
158.61,-0.013494,-12.295,-88.574,0.92258,0
158.86,-0.013339,-12.497,-88.42,0.91918,0
159.12,-0.013185,-12.7,-88.265,0.91582,0
159.37,-0.013032,-12.901,-88.11,0.9125,0
159.63,-0.012879,-13.103,-87.954,0.90922,0
159.88,-0.012727,-13.303,-87.797,0.90598,0
160.14,-0.012576,-13.504,-87.64,0.90278,0
160.39,-0.012426,-13.703,-87.481,0.89961,0
160.65,-0.012276,-13.903,-87.323,0.89648,0
160.9,-0.012126,-14.101,-87.163,0.89339,0
161.16,-0.011977,-14.3,-87.003,0.89034,0
161.41,-0.011829,-14.497,-86.843,0.88733,0
161.67,-0.011681,-14.695,-86.682,0.88436,0
161.92,-0.011534,-14.891,-86.52,0.88142,0
162.18,-0.011387,-15.088,-86.358,0.87852,0
162.43,-0.011241,-15.283,-86.195,0.87566,0
162.69,-0.011096,-15.479,-86.031,0.87283,0
162.94,-0.010952,-15.673,-85.868,0.87004,0
163.19,-0.01081,-15.868,-85.703,0.86729,0
163.45,-0.010667,-16.062,-85.539,0.86458,0
163.7,-0.010526,-16.255,-85.373,0.8619,0
163.96,-0.010385,-16.448,-85.207,0.85926,0
164.21,-0.010245,-16.64,-85.041,0.85666,0
164.47,-0.010106,-16.832,-84.875,0.85409,0
164.72,-0.0099665,-17.023,-84.708,0.85156,0
164.97,-0.0098279,-17.214,-84.54,0.84906,0
165.23,-0.0096899,-17.404,-84.372,0.8466,0
165.48,-0.0095524,-17.594,-84.204,0.84418,0
165.73,-0.0094154,-17.783,-84.035,0.84179,0
165.99,-0.0092789,-17.972,-83.866,0.83944,0
166.24,-0.0091428,-18.161,-83.697,0.83712,0
166.49,-0.0090072,-18.349,-83.527,0.83484,0
166.75,-0.0088721,-18.536,-83.357,0.8326,0
167,-0.0087374,-18.723,-83.187,0.83039,0
167.25,-0.0086032,-18.91,-83.016,0.82821,0
167.51,-0.0084691,-19.096,-82.845,0.82607,0
167.76,-0.0083349,-19.282,-82.674,0.82397,0
168.01,-0.0082007,-19.467,-82.502,0.8219,0
168.26,-0.0080665,-19.652,-82.33,0.81986,0
168.52,-0.0079323,-19.836,-82.158,0.81786,0
168.77,-0.0077981,-20.02,-81.986,0.8159,0
169.02,-0.0076643,-20.203,-81.813,0.81396,0
169.27,-0.0075311,-20.386,-81.64,0.81207,0
169.52,-0.0073984,-20.568,-81.467,0.81021,0
169.77,-0.0072663,-20.75,-81.294,0.80838,0
170.03,-0.0071346,-20.932,-81.12,0.80659,0
170.28,-0.0070034,-21.113,-80.947,0.80483,0
170.53,-0.0069778,-21.294,-80.773,0.80308,0
170.78,-0.0068728,-21.474,-80.599,0.80136,0
171.03,-0.0067422,-21.654,-80.424,0.79967,0
171.28,-0.0066171,-21.834,-80.249,0.79801,0
171.53,-0.0064854,-22.014,-80.074,0.79638,0
171.78,-0.0063552,-22.193,-79.899,0.79479,0
172.03,-0.0062248,-22.372,-79.723,0.79323,0
172.28,-0.0060941,-22.55,-79.548,0.7917,0
172.53,-0.0059631,-22.729,-79.371,0.79021,0
172.78,-0.0058317,-22.907,-79.195,0.78875,0
173.03,-0.0057,-23.084,-79.019,0.78732,0
173.28,-0.005568,-23.262,-78.842,0.78592,0
173.53,-0.0054358,-23.439,-78.665,0.78456,0
173.79,-0.0053033,-23.616,-78.488,0.78323,0
174.04,-0.0051706,-23.793,-78.31,0.78194,0
174.29,-0.0050378,-23.97,-78.132,0.78068,0
174.54,-0.0049049,-24.146,-77.955,0.77945,0
174.79,-0.004772,-24.322,-77.777,0.77825,0
175.04,-0.004639,-24.498,-77.598,0.77709,0
175.29,-0.0045061,-24.673,-77.42,0.77596,0
175.54,-0.0043732,-24.849,-77.241,0.77487,0
175.79,-0.0042404,-25.024,-77.063,0.77381,0
176.04,-0.0041078,-25.199,-76.884,0.77278,0
176.29,-0.0039753,-25.374,-76.705,0.77178,0
176.54,-0.003843,-25.549,-76.525,0.77082,0
176.79,-0.003711,-25.723,-76.346,0.76989,0
177.04,-0.0035791,-25.898,-76.166,0.769,0
177.29,-0.0034475,-26.072,-75.987,0.76814,0
177.54,-0.0033162,-26.246,-75.807,0.76731,0
177.79,-0.0031851,-26.42,-75.627,0.76651,0
178.04,-0.0030543,-26.593,-75.447,0.76574,0
178.29,-0.0029238,-26.767,-75.266,0.76501,0
178.54,-0.0028012,-26.941,-75.086,0.76431,0
178.79,-0.0026941,-27.114,-74.906,0.76364,0
179.04,-0.002602,-27.287,-74.725,0.76299,0
179.29,-0.0025231,-27.46,-74.544,0.76235,0
179.54,-0.0024557,-27.633,-74.364,0.76174,0
179.79,-0.0023986,-27.806,-74.183,0.76114,0
180.04,-0.0023502,-27.979,-74.002,0.76055,0
180.29,-0.0023095,-28.151,-73.82,0.75997,0
180.54,-0.0022754,-28.324,-73.639,0.75941,0
180.79,-0.0022471,-28.496,-73.458,0.75884,0
181.04,-0.0022236,-28.668,-73.276,0.75829,0
181.29,-0.0022042,-28.84,-73.095,0.75774,0
181.54,-0.0021884,-29.012,-72.913,0.75719,0
181.79,-0.0021755,-29.184,-72.732,0.75664,0
182.04,-0.0021652,-29.356,-72.55,0.7561,0
182.29,-0.0021569,-29.528,-72.368,0.75556,0
182.54,-0.0021503,-29.699,-72.186,0.75502,0
182.79,-0.0021452,-29.871,-72.004,0.75449,0
183.04,-0.0021412,-30.042,-71.821,0.75395,0
183.29,-0.0021382,-30.213,-71.639,0.75342,0
183.54,-0.0021359,-30.385,-71.457,0.75288,0
183.79,-0.0021341,-30.556,-71.274,0.75235,0
184.04,-0.0021329,-30.727,-71.092,0.75182,0
184.29,-0.002132,-30.897,-70.909,0.75128,0
184.55,-0.0021313,-31.068,-70.726,0.75075,0
184.8,-0.0021309,-31.239,-70.544,0.75022,0
185.05,-0.0021305,-31.409,-70.361,0.74968,0
185.3,-0.0021303,-31.58,-70.178,0.74915,0
185.55,-0.00213,-31.75,-69.994,0.74862,0
185.8,-0.0021298,-31.92,-69.811,0.74809,0
186.05,-0.0021296,-32.09,-69.628,0.74755,0
186.3,-0.0021293,-32.261,-69.445,0.74702,0
186.55,-0.0021289,-32.43,-69.261,0.74649,0
186.8,-0.0021286,-32.6,-69.078,0.74596,0
187.05,-0.0021281,-32.77,-68.894,0.74542,0
187.3,-0.0021276,-32.94,-68.71,0.74489,0
187.55,-0.002127,-33.109,-68.527,0.74436,0
187.8,-0.0021263,-33.279,-68.343,0.74383,0
188.05,-0.0021256,-33.448,-68.159,0.7433,0
188.3,-0.0021248,-33.617,-67.975,0.74277,0
188.55,-0.002124,-33.787,-67.79,0.74223,0
188.8,-0.0021231,-33.956,-67.606,0.7417,0
189.05,-0.0021221,-34.125,-67.422,0.74117,0
189.3,-0.0021211,-34.293,-67.238,0.74064,0
189.55,-0.0021201,-34.462,-67.053,0.74011,0
189.8,-0.002119,-34.631,-66.868,0.73958,0
190.05,-0.0021178,-34.799,-66.684,0.73905,0
190.3,-0.0021167,-34.968,-66.499,0.73852,0
190.55,-0.0021155,-35.136,-66.314,0.738,0
190.8,-0.0021143,-35.305,-66.129,0.73747,0
191.05,-0.002113,-35.473,-65.944,0.73694,0
191.3,-0.0021117,-35.641,-65.759,0.73641,0
191.55,-0.0021104,-35.809,-65.574,0.73588,0
191.8,-0.0021091,-35.977,-65.389,0.73536,0
192.05,-0.0021078,-36.145,-65.203,0.73483,0
192.3,-0.0021064,-36.312,-65.018,0.7343,0
192.55,-0.0021051,-36.48,-64.832,0.73378,0
192.8,-0.0021037,-36.647,-64.647,0.73325,0
193.05,-0.0021024,-36.815,-64.461,0.73272,0
193.3,-0.002101,-36.982,-64.275,0.7322,0
193.55,-0.0020996,-37.149,-64.09,0.73167,0
193.8,-0.0020982,-37.316,-63.904,0.73115,0
194.05,-0.0020968,-37.483,-63.718,0.73062,0
194.3,-0.0020954,-37.65,-63.531,0.7301,0
194.55,-0.002094,-37.817,-63.345,0.72958,0
194.8,-0.0020926,-37.984,-63.159,0.72905,0
195.05,-0.0020912,-38.151,-62.973,0.72853,0
195.3,-0.0020898,-38.317,-62.786,0.72801,0
195.55,-0.0020884,-38.484,-62.6,0.72749,0
195.8,-0.002087,-38.65,-62.413,0.72697,0
196.05,-0.0020856,-38.816,-62.226,0.72644,0
196.3,-0.0020842,-38.982,-62.039,0.72592,0
196.55,-0.0020828,-39.148,-61.853,0.7254,0
196.8,-0.0020814,-39.314,-61.666,0.72488,0
197.05,-0.00208,-39.48,-61.478,0.72436,0
197.3,-0.0020786,-39.646,-61.291,0.72384,0
197.55,-0.0020772,-39.812,-61.104,0.72332,0
197.8,-0.0020758,-39.977,-60.917,0.7228,0
198.05,-0.0020745,-40.143,-60.729,0.72229,0
198.3,-0.0020731,-40.308,-60.542,0.72177,0
198.55,-0.0020717,-40.473,-60.354,0.72125,0
198.8,-0.0020703,-40.639,-60.167,0.72073,0
199.05,-0.0020689,-40.804,-59.979,0.72021,0
199.3,-0.0020675,-40.969,-59.791,0.7197,0
199.55,-0.0020661,-41.134,-59.603,0.71918,0
199.8,-0.0020647,-41.298,-59.415,0.71866,0
200.05,-0.0020634,-41.463,-59.227,0.71815,0
200.3,-0.002062,-41.628,-59.039,0.71763,0
200.55,-0.0020606,-41.792,-58.851,0.71712,0
200.8,-0.0020592,-41.957,-58.663,0.7166,0
201.05,-0.0020578,-42.121,-58.474,0.71609,0
201.3,-0.0020565,-42.285,-58.286,0.71557,0
201.55,-0.0020551,-42.449,-58.097,0.71506,0
201.8,-0.0020537,-42.614,-57.909,0.71455,0
202.05,-0.0020524,-42.777,-57.72,0.71403,0
202.3,-0.002051,-42.941,-57.531,0.71352,0
202.55,-0.0020496,-43.105,-57.342,0.71301,0
202.8,-0.0020483,-43.269,-57.153,0.7125,0
203.05,-0.0020469,-43.432,-56.964,0.71199,0
203.3,-0.0020455,-43.596,-56.775,0.71147,0
203.55,-0.0020442,-43.759,-56.586,0.71096,0
203.8,-0.0020428,-43.923,-56.396,0.71045,0
204.05,-0.0020414,-44.086,-56.207,0.70994,0
204.3,-0.0020401,-44.249,-56.017,0.70943,0
204.55,-0.0020387,-44.412,-55.828,0.70892,0
204.8,-0.0020374,-44.575,-55.638,0.70841,0
205.05,-0.002036,-44.738,-55.448,0.7079,0
205.3,-0.0020347,-44.9,-55.259,0.70739,0
205.55,-0.0020392,-45.063,-55.069,0.70688,0
205.8,-0.0020548,-45.226,-54.879,0.70637,0
206.05,-0.0020805,-45.388,-54.689,0.70585,0
206.3,-0.0021154,-45.55,-54.499,0.70532,0
206.55,-0.0021585,-45.713,-54.308,0.70478,0
206.8,-0.0022091,-45.875,-54.118,0.70423,0
207.05,-0.0022663,-46.037,-53.927,0.70366,0
207.3,-0.0023294,-46.199,-53.737,0.70308,0
207.55,-0.0023978,-46.36,-53.546,0.70248,0
207.8,-0.0024709,-46.522,-53.356,0.70186,0
208.05,-0.002548,-46.684,-53.165,0.70123,0
208.3,-0.0026288,-46.845,-52.974,0.70057,0
208.55,-0.0027127,-47.006,-52.783,0.69989,0
208.8,-0.0027993,-47.167,-52.591,0.69919,0
209.05,-0.0028882,-47.329,-52.4,0.69847,0
209.3,-0.0029792,-47.489,-52.209,0.69772,0
209.55,-0.0030718,-47.65,-52.017,0.69696,0
209.8,-0.0031658,-47.811,-51.825,0.69616,0
210.05,-0.003261,-47.971,-51.634,0.69535,0
210.3,-0.0033572,-48.132,-51.442,0.69451,0
210.55,-0.0034542,-48.292,-51.249,0.69364,0
210.8,-0.0035517,-48.452,-51.057,0.69276,0
211.05,-0.0036497,-48.611,-50.865,0.69184,0
211.3,-0.0037481,-48.771,-50.672,0.69091,0
211.55,-0.0038466,-48.931,-50.48,0.68994,0
211.8,-0.0039453,-49.09,-50.287,0.68896,0
212.05,-0.004044,-49.249,-50.094,0.68795,0
212.3,-0.0041427,-49.408,-49.901,0.68691,0
212.55,-0.0042412,-49.567,-49.707,0.68585,0
212.8,-0.0043397,-49.725,-49.514,0.68476,0
213.05,-0.0044379,-49.884,-49.32,0.68365,0
213.3,-0.0045359,-50.042,-49.126,0.68252,0
213.55,-0.0046337,-50.2,-48.932,0.68136,0
213.8,-0.0047312,-50.358,-48.738,0.68017,0
214.05,-0.0048284,-50.515,-48.544,0.67897,0
214.3,-0.0049253,-50.673,-48.349,0.67773,0
214.55,-0.0050218,-50.83,-48.155,0.67648,0
214.8,-0.005118,-50.987,-47.96,0.6752,0
215.05,-0.0052139,-51.143,-47.764,0.67389,0
215.3,-0.0053094,-51.3,-47.569,0.67256,0
215.55,-0.0054046,-51.456,-47.374,0.67121,0
215.8,-0.0054995,-51.612,-47.178,0.66983,0
216.05,-0.005594,-51.768,-46.982,0.66843,0
216.3,-0.0056881,-51.923,-46.786,0.66701,0
216.55,-0.005782,-52.079,-46.589,0.66556,0
216.8,-0.0058754,-52.234,-46.393,0.66409,0
217.05,-0.0059686,-52.388,-46.196,0.6626,0
217.3,-0.0060614,-52.543,-45.999,0.66108,0
217.56,-0.0061497,-52.697,-45.801,0.65954,0
217.81,-0.0062584,-52.851,-45.604,0.65797,0
218.06,-0.0064147,-53.005,-45.406,0.65636,0
218.31,-0.0065018,-53.158,-45.207,0.65473,0
218.56,-0.0065934,-53.311,-45.009,0.65308,0
218.81,-0.006678,-53.464,-44.81,0.6514,0
219.06,-0.0067617,-53.617,-44.611,0.64971,0
219.31,-0.0068442,-53.77,-44.411,0.64799,0
219.56,-0.0069257,-53.922,-44.212,0.64625,0
219.81,-0.007006,-54.074,-44.011,0.64449,0
220.06,-0.0070854,-54.226,-43.811,0.6427,0
220.32,-0.007164,-54.377,-43.61,0.6409,0
220.57,-0.0072419,-54.529,-43.409,0.63908,0
220.82,-0.0073189,-54.68,-43.207,0.63724,0
221.07,-0.0073952,-54.83,-43.005,0.63537,0
221.32,-0.0074706,-54.981,-42.803,0.63349,0
221.58,-0.007545,-55.131,-42.601,0.63159,0
221.83,-0.0076179,-55.281,-42.398,0.62967,0
222.08,-0.0076895,-55.431,-42.195,0.62772,0
222.33,-0.0077599,-55.58,-41.991,0.62577,0
222.59,-0.007829,-55.729,-41.787,0.62379,0
222.84,-0.007897,-55.878,-41.583,0.62179,0
223.09,-0.007964,-56.027,-41.379,0.61978,0
223.34,-0.00803,-56.175,-41.174,0.61775,0
223.6,-0.0080949,-56.323,-40.969,0.6157,0
223.85,-0.008159,-56.47,-40.763,0.61364,0
224.1,-0.0082222,-56.617,-40.557,0.61156,0
224.36,-0.0082846,-56.764,-40.351,0.60946,0
224.61,-0.0083462,-56.911,-40.144,0.60735,0
224.86,-0.008407,-57.057,-39.938,0.60522,0
225.12,-0.0084666,-57.203,-39.73,0.60307,0
225.37,-0.0085252,-57.348,-39.523,0.60091,0
225.62,-0.0085831,-57.494,-39.315,0.59873,0
225.88,-0.0086619,-57.638,-39.107,0.59654,0
226.13,-0.0087514,-57.783,-38.898,0.59432,0
226.38,-0.0088396,-57.927,-38.689,0.59208,0
226.64,-0.0089266,-58.071,-38.48,0.58981,0
226.89,-0.0090128,-58.214,-38.271,0.58752,0
227.15,-0.0090981,-58.357,-38.061,0.58521,0
227.4,-0.0091829,-58.499,-37.851,0.58288,0
227.65,-0.0092672,-58.641,-37.64,0.58053,0
227.91,-0.0093511,-58.783,-37.429,0.57815,0
228.16,-0.0094349,-58.924,-37.218,0.57576,0
228.42,-0.0095186,-59.064,-37.006,0.57334,0
228.67,-0.009602,-59.205,-36.794,0.5709,0
228.92,-0.0096852,-59.345,-36.582,0.56843,0
229.18,-0.0097683,-59.484,-36.37,0.56595,0
229.43,-0.0098514,-59.623,-36.157,0.56345,0
229.69,-0.0099346,-59.761,-35.943,0.56092,0
229.94,-0.010018,-59.899,-35.73,0.55837,0
230.2,-0.010102,-60.036,-35.516,0.55581,0
230.45,-0.010186,-60.173,-35.301,0.55321,0
230.7,-0.01027,-60.309,-35.086,0.5506,0
230.96,-0.010355,-60.445,-34.871,0.54797,0
231.21,-0.010441,-60.58,-34.656,0.54531,0
231.47,-0.010528,-60.715,-34.44,0.54264,0
231.72,-0.010615,-60.849,-34.224,0.53994,0
231.98,-0.010704,-60.982,-34.007,0.53721,0
232.23,-0.010793,-61.115,-33.791,0.53447,0
232.48,-0.010884,-61.247,-33.573,0.5317,0
232.74,-0.010976,-61.379,-33.356,0.52891,0
232.99,-0.011068,-61.51,-33.138,0.52609,0
233.25,-0.011161,-61.641,-32.92,0.52325,0
233.5,-0.011255,-61.771,-32.701,0.52039,0
233.76,-0.01135,-61.9,-32.482,0.51751,0
234.01,-0.011445,-62.029,-32.263,0.5146,0
234.26,-0.011542,-62.157,-32.043,0.51166,0
234.52,-0.011639,-62.284,-31.823,0.5087,0
234.77,-0.011738,-62.411,-31.603,0.50572,0
235.03,-0.011837,-62.537,-31.382,0.50271,0
235.28,-0.011937,-62.662,-31.161,0.49968,0
235.53,-0.012038,-62.787,-30.939,0.49662,0
235.79,-0.01214,-62.91,-30.718,0.49353,0
236.04,-0.012244,-63.034,-30.495,0.49042,0
236.3,-0.012348,-63.156,-30.273,0.48729,0
236.55,-0.012453,-63.278,-30.05,0.48413,0
236.8,-0.012559,-63.399,-29.827,0.48094,0
237.06,-0.012666,-63.519,-29.604,0.47772,0
237.31,-0.012774,-63.639,-29.38,0.47448,0
237.57,-0.012883,-63.757,-29.156,0.47122,0
237.82,-0.012993,-63.875,-28.931,0.46792,0
238.07,-0.013104,-63.993,-28.706,0.4646,0
238.33,-0.013216,-64.109,-28.481,0.46125,0
238.58,-0.013329,-64.225,-28.256,0.45787,0
238.83,-0.013443,-64.339,-28.03,0.45446,0
239.09,-0.013558,-64.453,-27.804,0.45103,0
239.34,-0.013673,-64.566,-27.577,0.44757,0
239.59,-0.01379,-64.679,-27.35,0.44408,0
239.85,-0.013908,-64.79,-27.123,0.44056,0
240.1,-0.014026,-64.901,-26.896,0.43701,0
240.35,-0.014145,-65.01,-26.668,0.43344,0
240.6,-0.014265,-65.119,-26.44,0.42983,0
240.86,-0.014387,-65.227,-26.211,0.4262,0
241.11,-0.014509,-65.334,-25.983,0.42253,0
241.36,-0.014632,-65.44,-25.753,0.41884,0
241.61,-0.014755,-65.546,-25.524,0.41511,0
241.87,-0.01488,-65.65,-25.294,0.41136,0
242.12,-0.015006,-65.753,-25.064,0.40758,0
242.37,-0.015133,-65.856,-24.834,0.40376,0
242.62,-0.01526,-65.957,-24.604,0.39992,0
242.87,-0.015389,-66.058,-24.373,0.39604,0
243.13,-0.015519,-66.157,-24.142,0.39214,0
243.38,-0.01565,-66.256,-23.91,0.3882,0
243.63,-0.015781,-66.353,-23.678,0.38423,0
243.88,-0.015914,-66.45,-23.446,0.38023,0
244.13,-0.016048,-66.545,-23.214,0.3762,0
244.38,-0.016183,-66.64,-22.981,0.37214,0
244.63,-0.016319,-66.733,-22.749,0.36804,0
244.88,-0.016456,-66.826,-22.515,0.36392,0
245.14,-0.016595,-66.917,-22.282,0.35976,0
245.39,-0.016734,-67.008,-22.048,0.35557,0
245.64,-0.016874,-67.097,-21.814,0.35134,0
245.89,-0.017016,-67.185,-21.58,0.34708,0
246.14,-0.017159,-67.272,-21.346,0.34279,0
246.39,-0.017302,-67.358,-21.111,0.33847,0
246.64,-0.017447,-67.443,-20.876,0.33411,0
246.89,-0.017592,-67.527,-20.641,0.32972,0
247.14,-0.017738,-67.61,-20.406,0.32529,0
247.38,-0.017885,-67.691,-20.17,0.32083,0
247.63,-0.018032,-67.772,-19.934,0.31634,0
247.88,-0.018179,-67.851,-19.698,0.31181,0
248.13,-0.018328,-67.929,-19.462,0.30725,0
248.38,-0.018477,-68.006,-19.225,0.30265,0
248.63,-0.018627,-68.082,-18.989,0.29802,0
248.88,-0.018777,-68.157,-18.752,0.29336,0
249.13,-0.018929,-68.23,-18.515,0.28866,0
249.37,-0.019082,-68.302,-18.277,0.28393,0
249.62,-0.019235,-68.373,-18.04,0.27916,0
249.87,-0.019389,-68.443,-17.802,0.27436,0
250.12,-0.019545,-68.511,-17.564,0.26952,0
250.36,-0.019701,-68.578,-17.326,0.26465,0
250.61,-0.019858,-68.644,-17.088,0.25974,0
250.86,-0.020016,-68.709,-16.85,0.25479,0
251.11,-0.020175,-68.773,-16.611,0.24982,0
251.35,-0.020335,-68.835,-16.372,0.2448,0
251.6,-0.020496,-68.896,-16.134,0.23975,0
251.84,-0.020658,-68.955,-15.895,0.23466,0
252.09,-0.020821,-69.013,-15.656,0.22954,0
252.34,-0.020985,-69.07,-15.416,0.22438,0
252.58,-0.02115,-69.126,-15.177,0.21918,0
252.83,-0.021316,-69.18,-14.938,0.21395,0
253.07,-0.021483,-69.233,-14.698,0.20868,0
253.32,-0.021651,-69.285,-14.459,0.20338,0
253.56,-0.021819,-69.335,-14.219,0.19803,0
253.81,-0.021989,-69.384,-13.979,0.19265,0
254.05,-0.02216,-69.431,-13.739,0.18724,0
254.3,-0.022332,-69.477,-13.499,0.18178,0
254.54,-0.022505,-69.522,-13.26,0.17629,0
254.78,-0.022679,-69.565,-13.02,0.17076,0
255.03,-0.022854,-69.607,-12.779,0.16519,0
255.27,-0.02303,-69.647,-12.539,0.15958,0
255.51,-0.023208,-69.686,-12.299,0.15394,0
255.76,-0.023387,-69.724,-12.059,0.14825,0
256,-0.023567,-69.76,-11.819,0.14253,0
256.24,-0.023748,-69.794,-11.579,0.13677,0
256.49,-0.023931,-69.827,-11.339,0.13097,0
256.73,-0.024115,-69.859,-11.099,0.12513,0
256.97,-0.024301,-69.889,-10.859,0.11925,0
257.21,-0.024487,-69.918,-10.619,0.11333,0
257.45,-0.024673,-69.945,-10.379,0.10737,0
257.69,-0.02486,-69.971,-10.139,0.10137,0
257.93,-0.025047,-69.995,-9.899,0.095336,0
258.18,-0.025234,-70.018,-9.6592,0.089259,0
258.42,-0.025421,-70.039,-9.4195,0.083143,0
258.66,-0.025608,-70.058,-9.18,0.076987,0
258.9,-0.025795,-70.076,-8.9405,0.070792,0
259.14,-0.025983,-70.093,-8.7011,0.064558,0
259.38,-0.026168,-70.108,-8.4619,0.058286,0
259.62,-0.026348,-70.121,-8.2228,0.051976,0
259.86,-0.026523,-70.133,-7.9838,0.045631,0
260.09,-0.026692,-70.143,-7.7451,0.039252,0
260.33,-0.026856,-70.152,-7.5064,0.032839,0
260.57,-0.027015,-70.159,-7.268,0.026395,0
260.81,-0.02717,-70.164,-7.0298,0.019921,0
261.05,-0.027319,-70.168,-6.7917,0.013417,0
261.29,-0.027465,-70.171,-6.5539,0.0068852,0
261.52,-0.027606,-70.171,-6.3163,0.00032651,0
261.76,-0.027742,-70.17,-6.079,-0.006258,0
262,-0.027875,-70.168,-5.8419,-0.012867,0
262.23,-0.028005,-70.164,-5.6051,-0.019501,0
262.47,-0.028131,-70.158,-5.3685,-0.026157,0
262.71,-0.028255,-70.15,-5.1323,-0.032836,0
262.94,-0.028377,-70.141,-4.8963,-0.039537,0
263.18,-0.028496,-70.131,-4.6606,-0.046259,0
263.42,-0.028613,-70.118,-4.4253,-0.053002,0
263.65,-0.028728,-70.105,-4.1903,-0.059764,0
263.89,-0.028841,-70.089,-3.9557,-0.066547,0
264.12,-0.028951,-70.072,-3.7214,-0.073348,0
264.36,-0.02906,-70.053,-3.4875,-0.080167,0
264.59,-0.029167,-70.032,-3.254,-0.087005,0
264.82,-0.029273,-70.01,-3.0208,-0.093859,0
265.06,-0.029376,-69.986,-2.7881,-0.10073,0
265.29,-0.029477,-69.961,-2.5558,-0.10762,0
265.52,-0.029572,-69.934,-2.324,-0.11452,0
265.76,-0.029658,-69.905,-2.0926,-0.12144,0
265.99,-0.029737,-69.875,-1.8617,-0.12836,0
266.22,-0.029835,-69.843,-1.6312,-0.13531,0
266.46,-0.029824,-69.809,-1.4012,-0.14224,0
266.69,-0.029823,-69.773,-1.1717,-0.14917,0
266.92,-0.029834,-69.736,-0.94249,-0.15609,0
267.15,-0.029873,-69.697,-0.71376,-0.16302,0
267.38,-0.029907,-69.657,-0.48547,-0.16996,0
267.62,-0.029942,-69.614,-0.25763,-0.1769,0
267.85,-0.029978,-69.57,-0.030256,-0.18384,0
268.08,-0.030015,-69.525,0.19665,-0.19079,0
268.31,-0.030053,-69.478,0.42307,-0.19774,0
268.54,-0.030092,-69.429,0.64899,-0.20469,0
268.77,-0.030131,-69.379,0.87442,-0.21165,0
269,-0.030172,-69.326,1.0993,-0.21862,0
269.23,-0.030213,-69.273,1.3237,-0.22559,0
269.46,-0.030254,-69.217,1.5476,-0.23256,0
269.7,-0.030297,-69.161,1.7709,-0.23955,0
269.93,-0.03034,-69.102,1.9936,-0.24653,0
270.16,-0.030383,-69.042,2.2159,-0.25353,0
270.39,-0.030427,-68.98,2.4375,-0.26053,0
270.62,-0.030471,-68.917,2.6585,-0.26753,0
270.85,-0.030515,-68.852,2.879,-0.27455,0
271.08,-0.03056,-68.786,3.0989,-0.28157,0
271.3,-0.030604,-68.718,3.3181,-0.28859,0
271.53,-0.030649,-68.648,3.5368,-0.29562,0
271.76,-0.030695,-68.577,3.7548,-0.30266,0
271.99,-0.03074,-68.505,3.9722,-0.30971,0
272.22,-0.030785,-68.43,4.1889,-0.31676,0
272.45,-0.03083,-68.355,4.405,-0.32382,0
272.68,-0.030876,-68.277,4.6205,-0.33088,0
272.91,-0.030921,-68.199,4.8352,-0.33796,0
273.14,-0.030966,-68.118,5.0493,-0.34504,0
273.37,-0.031011,-68.037,5.2627,-0.35212,0
273.59,-0.031055,-67.953,5.4755,-0.35922,0
273.82,-0.0311,-67.869,5.6875,-0.36632,0
274.05,-0.031144,-67.783,5.8988,-0.37343,0
274.28,-0.031188,-67.695,6.1094,-0.38054,0
274.51,-0.031231,-67.606,6.3192,-0.38766,0
274.73,-0.031275,-67.515,6.5283,-0.39479,0
274.96,-0.031318,-67.423,6.7367,-0.40193,0
275.19,-0.03136,-67.329,6.9443,-0.40907,0
275.42,-0.031402,-67.234,7.1512,-0.41622,0
275.65,-0.031443,-67.138,7.3573,-0.42337,0
275.87,-0.031484,-67.04,7.5626,-0.43053,0
276.1,-0.031525,-66.94,7.7672,-0.4377,0
276.33,-0.031565,-66.84,7.9709,-0.44488,0
276.55,-0.031604,-66.738,8.1739,-0.45206,0
276.78,-0.031643,-66.634,8.376,-0.45925,0
277.01,-0.031681,-66.529,8.5773,-0.46644,0
277.24,-0.031719,-66.422,8.7778,-0.47364,0
277.46,-0.031756,-66.315,8.9775,-0.48085,0
277.69,-0.031793,-66.205,9.1763,-0.48806,0
277.92,-0.031828,-66.095,9.3743,-0.49528,0
278.14,-0.031863,-65.983,9.5715,-0.5025,0
278.37,-0.031898,-65.869,9.7677,-0.50973,0
278.6,-0.031931,-65.755,9.9631,-0.51697,0
278.82,-0.031964,-65.638,10.158,-0.52421,0
279.05,-0.031996,-65.521,10.351,-0.53146,0
279.28,-0.032028,-65.402,10.544,-0.53871,0
279.5,-0.032059,-65.282,10.736,-0.54597,0
279.73,-0.032089,-65.16,10.927,-0.55323,0
279.96,-0.032118,-65.038,11.117,-0.56049,0
280.18,-0.032146,-64.913,11.306,-0.56777,0
280.41,-0.032174,-64.788,11.494,-0.57504,0
280.63,-0.032201,-64.661,11.681,-0.58232,0
280.86,-0.032227,-64.533,11.867,-0.58961,0
281.09,-0.032253,-64.404,12.053,-0.5969,0
281.31,-0.032277,-64.273,12.237,-0.6042,0
281.54,-0.032301,-64.141,12.421,-0.6115,0
281.76,-0.032324,-64.007,12.603,-0.6188,0
281.99,-0.032347,-63.873,12.784,-0.62611,0
282.22,-0.032368,-63.737,12.965,-0.63342,0
282.44,-0.032389,-63.6,13.144,-0.64073,0
282.67,-0.032409,-63.461,13.323,-0.64805,0
282.89,-0.032428,-63.322,13.5,-0.65537,0
283.12,-0.032446,-63.181,13.676,-0.6627,0
283.34,-0.032464,-63.039,13.852,-0.67003,0
283.57,-0.032481,-62.895,14.026,-0.67736,0
283.8,-0.032497,-62.75,14.199,-0.68469,0
284.02,-0.032512,-62.605,14.371,-0.69203,0
284.25,-0.032526,-62.457,14.543,-0.69937,0
284.47,-0.03254,-62.309,14.713,-0.70671,0
284.7,-0.032553,-62.16,14.882,-0.71406,0
284.92,-0.032566,-62.009,15.05,-0.72141,0
285.15,-0.032577,-61.857,15.216,-0.72876,0
285.38,-0.032588,-61.704,15.382,-0.73611,0
285.6,-0.032598,-61.549,15.547,-0.74347,0
285.83,-0.032607,-61.394,15.71,-0.75083,0
286.05,-0.032616,-61.237,15.873,-0.75819,0
286.28,-0.032624,-61.079,16.034,-0.76555,0
286.5,-0.032631,-60.92,16.194,-0.77291,0
286.73,-0.032637,-60.76,16.353,-0.78028,0
286.95,-0.032643,-60.599,16.511,-0.78764,0
287.18,-0.032648,-60.437,16.668,-0.79501,0
287.41,-0.032653,-60.273,16.823,-0.80238,0
287.63,-0.032657,-60.108,16.977,-0.80975,0
287.86,-0.03266,-59.942,17.131,-0.81712,0
288.08,-0.032662,-59.776,17.283,-0.8245,0
288.31,-0.032664,-59.608,17.433,-0.83187,0
288.54,-0.032666,-59.438,17.583,-0.83925,0
288.76,-0.032666,-59.268,17.731,-0.84663,0
288.99,-0.032666,-59.097,17.879,-0.854,0
289.21,-0.032666,-58.924,18.025,-0.86138,0
289.44,-0.032665,-58.751,18.169,-0.86876,0
289.66,-0.032663,-58.577,18.313,-0.87614,0
289.89,-0.032661,-58.401,18.455,-0.88352,0
290.12,-0.032658,-58.224,18.596,-0.8909,0
290.34,-0.032654,-58.047,18.736,-0.89828,0
290.57,-0.03265,-57.868,18.874,-0.90567,0
290.79,-0.032646,-57.688,19.011,-0.91305,0
291.02,-0.032641,-57.507,19.147,-0.92043,0
291.25,-0.032635,-57.326,19.282,-0.92781,0
291.47,-0.032629,-57.143,19.415,-0.9352,0
291.7,-0.032623,-56.959,19.548,-0.94258,0
291.93,-0.032616,-56.774,19.678,-0.94996,0
292.15,-0.032608,-56.589,19.808,-0.95734,0
292.38,-0.0326,-56.402,19.936,-0.96473,0
292.61,-0.032592,-56.214,20.063,-0.97211,0
292.83,-0.032583,-56.025,20.188,-0.97949,0
293.06,-0.032574,-55.836,20.312,-0.98688,0
293.29,-0.032564,-55.645,20.435,-0.99426,0
293.51,-0.032554,-55.454,20.557,-1.0016,0
293.74,-0.032543,-55.261,20.677,-1.009,0
293.97,-0.032532,-55.068,20.795,-1.0164,0
294.19,-0.032521,-54.874,20.913,-1.0238,0
294.42,-0.032509,-54.679,21.029,-1.0312,0
294.65,-0.032497,-54.482,21.143,-1.0385,0
294.87,-0.032484,-54.285,21.257,-1.0459,0
295.1,-0.032471,-54.088,21.368,-1.0533,0
295.33,-0.032458,-53.889,21.479,-1.0607,0
295.56,-0.032444,-53.689,21.588,-1.0681,0
295.78,-0.03243,-53.489,21.695,-1.0754,0
296.01,-0.032416,-53.288,21.802,-1.0828,0
296.24,-0.032401,-53.085,21.906,-1.0902,0
296.47,-0.032386,-52.882,22.01,-1.0976,0
296.69,-0.032371,-52.679,22.111,-1.1049,0
296.92,-0.032355,-52.474,22.212,-1.1123,0
297.15,-0.032339,-52.269,22.311,-1.1197,0
297.38,-0.032323,-52.062,22.408,-1.1271,0
297.61,-0.032307,-51.855,22.504,-1.1344,0
297.84,-0.03229,-51.648,22.599,-1.1418,0
298.06,-0.032273,-51.439,22.692,-1.1492,0
298.29,-0.032256,-51.23,22.784,-1.1566,0
298.52,-0.032238,-51.02,22.874,-1.1639,0
298.75,-0.03222,-50.809,22.963,-1.1713,0
298.98,-0.032202,-50.597,23.05,-1.1787,0
299.21,-0.032184,-50.385,23.135,-1.186,0
299.44,-0.032165,-50.172,23.219,-1.1934,0
299.67,-0.032146,-49.958,23.302,-1.2008,0
299.89,-0.032127,-49.744,23.383,-1.2081,0
300.12,-0.032108,-49.529,23.463,-1.2155,0
300.35,-0.032088,-49.313,23.541,-1.2229,0
300.58,-0.032069,-49.096,23.617,-1.2302,0
300.81,-0.032049,-48.879,23.692,-1.2376,0
301.04,-0.032028,-48.661,23.766,-1.2449,0
301.27,-0.032008,-48.443,23.837,-1.2523,0
301.5,-0.031987,-48.224,23.908,-1.2597,0
301.73,-0.031967,-48.004,23.976,-1.267,0
301.96,-0.031946,-47.784,24.043,-1.2744,0
302.19,-0.031924,-47.563,24.109,-1.2817,0
302.42,-0.031903,-47.341,24.173,-1.2891,0
302.65,-0.031882,-47.119,24.235,-1.2964,0
302.89,-0.03186,-46.897,24.296,-1.3038,0
303.12,-0.031838,-46.673,24.355,-1.3112,0
303.35,-0.031816,-46.449,24.413,-1.3185,0
303.58,-0.031794,-46.225,24.469,-1.3259,0
303.81,-0.031771,-46,24.523,-1.3332,0
304.04,-0.031748,-45.775,24.576,-1.3406,0
304.27,-0.031726,-45.549,24.627,-1.3479,0
304.51,-0.031703,-45.322,24.677,-1.3553,0
304.74,-0.03168,-45.095,24.725,-1.3626,0
304.97,-0.031656,-44.868,24.771,-1.37,0
305.2,-0.031633,-44.64,24.816,-1.3773,0
305.43,-0.031609,-44.411,24.859,-1.3847,0
305.67,-0.031586,-44.182,24.9,-1.392,0
305.9,-0.031562,-43.953,24.94,-1.3994,0
306.13,-0.031538,-43.723,24.978,-1.4067,0
306.37,-0.031514,-43.493,25.014,-1.414,0
306.6,-0.031489,-43.262,25.049,-1.4214,0
306.83,-0.031465,-43.031,25.082,-1.4287,0
307.07,-0.03144,-42.8,25.113,-1.4361,0
307.3,-0.031416,-42.568,25.143,-1.4434,0
307.53,-0.031391,-42.336,25.171,-1.4508,0
307.77,-0.031366,-42.103,25.197,-1.4581,0
308,-0.031341,-41.87,25.221,-1.4654,0
308.24,-0.031315,-41.637,25.244,-1.4728,0
308.47,-0.03129,-41.403,25.265,-1.4801,0
308.71,-0.031264,-41.169,25.285,-1.4875,0
308.94,-0.031239,-40.935,25.303,-1.4948,0
309.18,-0.031213,-40.7,25.319,-1.5021,0
309.41,-0.031187,-40.466,25.333,-1.5095,0
309.65,-0.031161,-40.23,25.346,-1.5168,0
309.88,-0.031135,-39.995,25.357,-1.5242,0
310.12,-0.031108,-39.759,25.366,-1.5315,0
310.35,-0.031082,-39.523,25.373,-1.5388,0
310.59,-0.031055,-39.287,25.379,-1.5462,0
310.83,-0.031028,-39.051,25.383,-1.5535,0
311.06,-0.03093,-38.814,25.385,-1.5608,0
311.3,-0.030874,-38.577,25.386,-1.5681,0
311.54,-0.030833,-38.34,25.384,-1.5755,0
311.78,-0.030789,-38.102,25.382,-1.5828,0
312.01,-0.030755,-37.865,25.377,-1.5901,0
312.25,-0.03072,-37.627,25.371,-1.5974,0
312.49,-0.030681,-37.389,25.363,-1.6047,0
312.73,-0.030636,-37.15,25.353,-1.612,0
312.97,-0.030585,-36.912,25.342,-1.6193,0
313.21,-0.03053,-36.673,25.329,-1.6266,0
313.45,-0.030471,-36.434,25.314,-1.6339,0
313.68,-0.030409,-36.195,25.298,-1.6412,0
313.92,-0.030347,-35.956,25.28,-1.6485,0
314.16,-0.030284,-35.716,25.26,-1.6558,0
314.41,-0.030221,-35.477,25.239,-1.663,0
314.65,-0.030157,-35.237,25.216,-1.6703,0
314.89,-0.030091,-34.998,25.192,-1.6775,0
315.13,-0.030024,-34.758,25.165,-1.6848,0
315.37,-0.029949,-34.518,25.137,-1.692,0
315.61,-0.029862,-34.278,25.108,-1.6992,0
315.85,-0.029762,-34.038,25.077,-1.7064,0
316.1,-0.029652,-33.798,25.044,-1.7136,0
316.34,-0.029531,-33.558,25.01,-1.7208,0
316.58,-0.029401,-33.318,24.974,-1.7279,0
316.82,-0.029262,-33.077,24.936,-1.735,0
317.07,-0.029115,-32.837,24.897,-1.7421,0
317.31,-0.028961,-32.597,24.856,-1.7492,0
317.55,-0.028799,-32.357,24.813,-1.7562,0
317.8,-0.02863,-32.117,24.769,-1.7632,0
318.04,-0.028454,-31.877,24.723,-1.7701,0
318.29,-0.028273,-31.637,24.675,-1.777,0
318.53,-0.028086,-31.398,24.626,-1.7839,0
318.78,-0.027894,-31.158,24.575,-1.7907,0
319.02,-0.027697,-30.918,24.523,-1.7975,0
319.27,-0.027497,-30.679,24.469,-1.8043,0
319.51,-0.027293,-30.44,24.413,-1.811,0
319.76,-0.027086,-30.201,24.356,-1.8177,0
320.01,-0.026876,-29.962,24.297,-1.8243,0
320.25,-0.026665,-29.723,24.237,-1.8308,0
320.5,-0.026452,-29.484,24.175,-1.8374,0
320.75,-0.026238,-29.246,24.111,-1.8438,0
320.99,-0.026023,-29.007,24.046,-1.8503,0
321.24,-0.025808,-28.769,23.979,-1.8566,0
321.49,-0.025593,-28.532,23.911,-1.863,0
321.73,-0.025378,-28.294,23.841,-1.8693,0
321.98,-0.025165,-28.057,23.769,-1.8755,0
322.23,-0.024952,-27.82,23.696,-1.8817,0
322.48,-0.02474,-27.583,23.621,-1.8878,0
322.73,-0.024529,-27.347,23.545,-1.8939,0
322.98,-0.024319,-27.111,23.468,-1.9,0
323.22,-0.024112,-26.875,23.389,-1.906,0
323.47,-0.023906,-26.639,23.308,-1.9119,0
323.72,-0.023701,-26.404,23.226,-1.9178,0
323.97,-0.023499,-26.169,23.142,-1.9237,0
324.22,-0.023298,-25.934,23.057,-1.9295,0
324.47,-0.023099,-25.7,22.971,-1.9353,0
324.72,-0.022903,-25.466,22.883,-1.941,0
324.97,-0.022708,-25.233,22.794,-1.9467,0
325.22,-0.022516,-25,22.703,-1.9523,0
325.47,-0.022325,-24.767,22.611,-1.9579,0
325.72,-0.022137,-24.534,22.517,-1.9634,0
325.97,-0.02195,-24.302,22.422,-1.9689,0
326.22,-0.021766,-24.071,22.326,-1.9744,0
326.47,-0.021583,-23.84,22.228,-1.9798,0
326.73,-0.021402,-23.609,22.129,-1.9852,0
326.98,-0.021223,-23.378,22.029,-1.9905,0
327.23,-0.021046,-23.148,21.927,-1.9958,0
327.48,-0.02087,-22.919,21.824,-2.0011,0
327.73,-0.020696,-22.69,21.72,-2.0063,0
327.98,-0.020523,-22.461,21.614,-2.0114,0
328.24,-0.020352,-22.233,21.508,-2.0166,0
328.49,-0.020182,-22.005,21.399,-2.0217,0
328.74,-0.020013,-21.777,21.29,-2.0267,0
328.99,-0.019846,-21.55,21.18,-2.0317,0
329.25,-0.01968,-21.324,21.068,-2.0367,0
329.5,-0.019515,-21.098,20.955,-2.0416,0
329.75,-0.019351,-20.872,20.841,-2.0465,0
330,-0.019189,-20.647,20.725,-2.0514,0
330.26,-0.019027,-20.423,20.609,-2.0562,0
330.51,-0.018867,-20.198,20.491,-2.061,0
330.76,-0.018707,-19.975,20.372,-2.0657,0
331.02,-0.018549,-19.751,20.252,-2.0704,0
331.27,-0.018391,-19.529,20.131,-2.0751,0
331.52,-0.018234,-19.306,20.009,-2.0797,0
331.78,-0.018078,-19.085,19.886,-2.0843,0
332.03,-0.017922,-18.863,19.761,-2.0888,0
332.29,-0.017767,-18.643,19.636,-2.0933,0
332.54,-0.017613,-18.422,19.509,-2.0978,0
332.79,-0.017459,-18.202,19.382,-2.1022,0
333.05,-0.017306,-17.983,19.253,-2.1066,0
333.3,-0.017153,-17.764,19.123,-2.111,0
333.56,-0.017001,-17.546,18.993,-2.1153,0
333.81,-0.016849,-17.328,18.861,-2.1196,0
334.07,-0.016698,-17.111,18.728,-2.1239,0
334.32,-0.016547,-16.894,18.595,-2.1281,0
334.58,-0.016396,-16.678,18.46,-2.1323,0
334.83,-0.016246,-16.462,18.325,-2.1364,0
335.09,-0.016096,-16.246,18.188,-2.1405,0
335.34,-0.015947,-16.032,18.051,-2.1446,0
335.6,-0.015798,-15.817,17.912,-2.1486,0
335.85,-0.015649,-15.603,17.773,-2.1526,0
336.11,-0.015501,-15.39,17.633,-2.1566,0
336.36,-0.015353,-15.177,17.492,-2.1605,0
336.62,-0.015205,-14.965,17.35,-2.1644,0
336.87,-0.015058,-14.753,17.207,-2.1682,0
337.13,-0.014911,-14.542,17.064,-2.172,0
337.38,-0.014764,-14.331,16.919,-2.1758,0
337.64,-0.014618,-14.121,16.774,-2.1795,0
337.89,-0.014472,-13.911,16.628,-2.1832,0
338.15,-0.014326,-13.702,16.481,-2.1869,0
338.41,-0.014181,-13.493,16.333,-2.1905,0
338.66,-0.014037,-13.285,16.185,-2.1941,0
338.92,-0.013892,-13.077,16.035,-2.1977,0
339.17,-0.013749,-12.87,15.885,-2.2012,0
339.43,-0.013605,-12.663,15.734,-2.2046,0
339.68,-0.013463,-12.457,15.583,-2.2081,0
339.94,-0.01332,-12.252,15.431,-2.2115,0
340.2,-0.013178,-12.046,15.278,-2.2149,0
340.45,-0.013037,-11.842,15.124,-2.2182,0
340.71,-0.012896,-11.638,14.97,-2.2215,0
340.96,-0.012755,-11.434,14.815,-2.2248,0
341.22,-0.012615,-11.231,14.659,-2.228,0
341.48,-0.012475,-11.028,14.502,-2.2312,0
341.73,-0.012335,-10.826,14.345,-2.2344,0
341.99,-0.012196,-10.624,14.188,-2.2375,0
342.24,-0.012057,-10.423,14.029,-2.2406,0
342.5,-0.011919,-10.222,13.87,-2.2436,0
342.76,-0.011781,-10.022,13.711,-2.2466,0
343.01,-0.011643,-9.8219,13.55,-2.2496,0
343.27,-0.011512,-9.6226,13.39,-2.2526,0
343.53,-0.011396,-9.4238,13.228,-2.2555,0
343.78,-0.011293,-9.2255,13.066,-2.2584,0
344.04,-0.011201,-9.0276,12.904,-2.2612,0
344.29,-0.01112,-8.8303,12.741,-2.2641,0
344.55,-0.011049,-8.6334,12.577,-2.2669,0
344.81,-0.010987,-8.437,12.413,-2.2697,0
345.06,-0.010933,-8.2411,12.248,-2.2725,0
345.32,-0.010886,-8.0458,12.083,-2.2753,0
345.57,-0.010845,-7.8508,11.917,-2.2781,0
345.83,-0.01081,-7.6564,11.751,-2.2809,0
346.08,-0.01078,-7.4625,11.584,-2.2836,0
346.34,-0.010754,-7.2691,11.416,-2.2864,0
346.6,-0.010733,-7.0762,11.249,-2.2891,0
346.85,-0.010715,-6.8838,11.08,-2.2919,0
347.11,-0.0107,-6.6919,10.911,-2.2946,0
347.36,-0.010687,-6.5004,10.742,-2.2973,0
347.62,-0.010677,-6.3095,10.572,-2.3001,0
347.87,-0.010668,-6.1191,10.402,-2.3028,0
348.13,-0.010662,-5.9292,10.231,-2.3055,0
348.39,-0.010657,-5.7399,10.06,-2.3082,0
348.64,-0.010654,-5.551,9.8879,-2.3109,0
348.9,-0.010653,-5.3626,9.7157,-2.3137,0
349.15,-0.010653,-5.1748,9.543,-2.3164,0
349.41,-0.010653,-4.9875,9.3699,-2.3191,0
349.66,-0.010654,-4.8007,9.1964,-2.3218,0
349.92,-0.010656,-4.6144,9.0224,-2.3245,0
350.17,-0.010658,-4.4287,8.8479,-2.3272,0
350.43,-0.010661,-4.2435,8.673,-2.33,0
350.68,-0.010664,-4.0588,8.4977,-2.3327,0
350.93,-0.010667,-3.8747,8.322,-2.3354,0
351.19,-0.010671,-3.6911,8.1458,-2.3381,0
351.44,-0.010675,-3.508,7.9693,-2.3408,0
351.7,-0.010679,-3.3255,7.7923,-2.3435,0
351.95,-0.010683,-3.1435,7.6149,-2.3462,0
352.21,-0.010687,-2.9621,7.4371,-2.349,0
352.46,-0.010692,-2.7813,7.2588,-2.3517,0
352.71,-0.010697,-2.6009,7.0802,-2.3544,0
352.97,-0.010702,-2.4212,6.9012,-2.3571,0
353.22,-0.010707,-2.242,6.7218,-2.3598,0
353.47,-0.010713,-2.0634,6.542,-2.3625,0
353.73,-0.010719,-1.8853,6.3618,-2.3653,0
353.98,-0.010725,-1.7078,6.1812,-2.368,0
354.23,-0.010731,-1.5309,6.0003,-2.3707,0
354.49,-0.010738,-1.3545,5.8189,-2.3734,0
354.74,-0.010745,-1.1787,5.6372,-2.3761,0
354.99,-0.010752,-1.0035,5.4551,-2.3788,0
355.24,-0.010759,-0.82892,5.2726,-2.3816,0
355.5,-0.010767,-0.65488,5.0898,-2.3843,0
355.75,-0.010774,-0.48142,4.9065,-2.387,0
356,-0.010781,-0.30855,4.7229,-2.3897,0
356.25,-0.010788,-0.13626,4.539,-2.3924,0
356.51,-0.010794,0.035429,4.3547,-2.3951,0
356.76,-0.010801,0.20653,4.17,-2.3979,0
357.01,-0.010807,0.37704,3.9849,-2.4006,0
357.26,-0.010814,0.54695,3.7995,-2.4033,0
357.51,-0.01082,0.71627,3.6138,-2.406,0
357.76,-0.010827,0.88498,3.4276,-2.4087,0
358.01,-0.010834,1.0531,3.2412,-2.4115,0
358.26,-0.010841,1.2206,3.0543,-2.4142,0
358.52,-0.01085,1.3875,2.8671,-2.4169,0
358.77,-0.010858,1.5538,2.6796,-2.4196,0
359.02,-0.010867,1.7195,2.4917,-2.4223,0
359.22,-0.013452,1.8529,2.3413,-2.4251,0
359.42,-0.010901,1.985,2.1899,-2.4272,0
359.62,-0.010909,2.1167,2.0383,-2.4294,0
359.82,-0.010917,2.248,1.8865,-2.4316,0
